district;Landkreis/Stadt;Bundesland;Dichte;Anzahl
7131;Ahrweiler, Landkreis;Rheinland-Pfalz;15,9;20
9771;Aichach-Friedberg, Landkreis;Bayern;7,9;10
8425;Alb-Donau-Kreis;Baden-Württemberg;18,2;34
16077;Altenburger Land, Kreis;Thüringen;8,3;8
7132;Altenkirchen (Westerwald), Landkreis;Rheinland-Pfalz;10,8;14
15081;Altmarkkreis Salzwedel;Sachsen-Anhalt;13,7;12
9171;Altötting, Landkreis;Bayern;14,1;15
7331;Alzey-Worms, Landkreis;Rheinland-Pfalz;5,6;7
9371;Amberg-Sulzbach, Landkreis;Bayern;21,2;22
9361;Amberg, Stadt;Bayern;40,7;17
3451;Ammerland, Landkreis;Niedersachsen;11,0;13
15082;Anhalt-Bitterfeld, Landkreis;Sachsen-Anhalt;12,3;21
9561;Ansbach, Landkreis;Bayern;23,6;42
9571;Ansbach, Stadt;Bayern;63,1;25
9661;Aschaffenburg, Landkreis;Bayern;9,9;17
9671;Aschaffenburg, Stadt;Bayern;34,1;23
9761;Augsburg, Landkreis;Bayern;14,7;35
9772;Augsburg, Stadt;Bayern;52,7;142
3452;Aurich, Landkreis;Niedersachsen;16,6;31
7332;Bad Dürkheim, Landkreis;Rheinland-Pfalz;28,3;37
9672;Bad Kissingen, Landkreis;Bayern;23,2;24
7133;Bad Kreuznach, Landkreis;Rheinland-Pfalz;29,0;45
9173;Bad Tölz-Wolfratshausen, Landkreis;Bayern;21,7;26
8211;Baden-Baden, Kreisfreie Stadt;Baden-Württemberg;49,6;26
9461;Bamberg, Landkreis;Bayern;7,7;11
9471;Bamberg, Stadt;Bayern;62,2;44
12060;Barnim, Landkreis;Brandenburg;8,7;15
14625;Bautzen, Landkreis;Sachsen;6,1;19
9462;Bayreuth, Landkreis;Bayern;21,9;23
9472;Bayreuth, Stadt;Bayern;80,0;57
9172;Berchtesgadener Land, Landkreis;Bayern;10,9;11
6431;Bergstraße, Landkreis;Hessen;16,8;44
11;Berlin;Berlin;24,0;797
7231;Bernkastel-Wittlich, Landkreis;Rheinland-Pfalz;11,6;13
8426;Biberach, Landkreis;Baden-Württemberg;24,5;46
5711;Bielefeld, Kreisfreie Stadt;Nordrhein-Westfalen;39,1;128
7134;Birkenfeld, Landkreis;Rheinland-Pfalz;23,1;19
8115;Böblingen, Landkreis;Baden-Württemberg;13,7;50
5911;Bochum, Kreisfreie Stadt;Nordrhein-Westfalen;14,1;51
8435;Bodenseekreis;Baden-Württemberg;33,7;69
5314;Bonn, Kreisfreie Stadt;Nordrhein-Westfalen;64,4;198
15083;Börde, Landkreis;Sachsen-Anhalt;7,4;13
5554;Borken, Kreis;Nordrhein-Westfalen;15,9;58
5512;Bottrop, Kreisfreie Stadt;Nordrhein-Westfalen;6,8;8
12051;Brandenburg an der Havel, Kreisfreie Stadt;Brandenburg;12,6;9
3101;Braunschweig, Kreisfreie Stadt;Niedersachsen;46,3;113
8315;Breisgau-Hochschwarzwald, Landkreis;Baden-Württemberg;17,0;42
4011;Bremen, Kreisfreie Stadt;Bremen;54,0;294
4012;Bremerhaven, Kreisfreie Stadt;Bremen;20,3;22
15084;Burgenlandkreis;Sachsen-Anhalt;8,5;16
8235;Calw, Landkreis;Baden-Württemberg;13,2;20
3351;Celle, Landkreis;Niedersachsen;28,4;50
9372;Cham, Landkreis;Bayern;10,4;13
14511;Chemnitz, Stadt;Sachsen;7,1;17
3453;Cloppenburg, Landkreis;Niedersachsen;22,6;36
9463;Coburg, Landkreis;Bayern;11,4;10
9473;Coburg, Stadt;Bayern;53,7;22
7135;Cochem-Zell, Landkreis;Rheinland-Pfalz;3,1;2
5558;Coesfeld, Kreis;Nordrhein-Westfalen;27,0;58
12052;Cottbus, Kreisfreie Stadt;Brandenburg;5,0;5
3352;Cuxhaven, Landkreis;Niedersachsen;18,7;37
9174;Dachau, Landkreis;Bayern;5,7;8
12061;Dahme-Spreewald, Landkreis;Brandenburg;6,9;11
6432;Darmstadt-Dieburg, Landkreis;Hessen;12,7;36
6411;Darmstadt, Kreisfreie Stadt;Hessen;55,5;81
9271;Deggendorf, Landkreis;Bayern;17,4;20
3401;Delmenhorst, Kreisfreie Stadt;Niedersachsen;13,6;10
15001;Dessau-Roßlau, Kreisfreie Stadt;Sachsen-Anhalt;15,2;13
3251;Diepholz, Landkreis;Niedersachsen;14,3;30
9773;Dillingen a.d.Donau, Landkreis;Bayern;19,3;18
9279;Dingolfing-Landau, Landkreis;Bayern;7,7;7
1051;Dithmarschen, Landkreis;Schleswig-Holstein;24,0;32
9779;Donau-Ries, Landkreis;Bayern;36,7;47
7333;Donnersbergkreis;Rheinland-Pfalz;15,8;12
5913;Dortmund, Kreisfreie Stadt;Nordrhein-Westfalen;12,3;70
14612;Dresden, Stadt;Sachsen;22,2;115
5112;Duisburg, Kreisfreie Stadt;Nordrhein-Westfalen;11,9;58
5358;Düren, Kreis;Nordrhein-Westfalen;12,8;33
5111;Düsseldorf, Kreisfreie Stadt;Nordrhein-Westfalen;40,5;239
9175;Ebersberg, Landkreis;Bayern;18,6;24
16061;Eichsfeld, Kreis;Thüringen;14,7;15
9176;Eichstätt, Landkreis;Bayern;16,1;20
7232;Eifelkreis Bitburg-Prüm;Rheinland-Pfalz;19,8;19
16056;Eisenach, krsfr. Stadt;Thüringen;38,4;16
12062;Elbe-Elster, Landkreis;Brandenburg;7,3;8
3402;Emden, Kreisfreie Stadt;Niedersachsen;22,1;11
8316;Emmendingen, Landkreis;Baden-Württemberg;12,8;20
3454;Emsland, Landkreis;Niedersachsen;17,0;53
5954;Ennepe-Ruhr-Kreis;Nordrhein-Westfalen;19,1;62
8236;Enzkreis;Baden-Württemberg;8,4;16
9177;Erding, Landkreis;Bayern;4,7;6
16051;Erfurt, krsfr. Stadt;Thüringen;18,8;38
9572;Erlangen-Höchstadt, Landkreis;Bayern;4,6;6
9562;Erlangen, Stadt;Bayern;30,7;32
14521;Erzgebirgskreis;Sachsen;8,1;29
5113;Essen, Kreisfreie Stadt;Nordrhein-Westfalen;36,8;208
8116;Esslingen, Landkreis;Baden-Württemberg;16,6;84
5366;Euskirchen, Kreis;Nordrhein-Westfalen;14,9;28
9474;Forchheim, Landkreis;Bayern;15,9;18
7311;Frankenthal (Pfalz), Kreisfreie Stadt;Rheinland-Pfalz;23,6;11
12053;Frankfurt (Oder), Kreisfreie Stadt;Brandenburg;8,5;5
6412;Frankfurt am Main, Kreisfreie Stadt;Hessen;76,7;519
8311;Freiburg im Breisgau, Kreisfreie Stadt;Baden-Württemberg;37,3;80
9178;Freising, Landkreis;Bayern;17,0;28
8237;Freudenstadt, Landkreis;Baden-Württemberg;13,0;15
9272;Freyung-Grafenau, Landkreis;Bayern;11,5;9
3455;Friesland, Landkreis;Niedersachsen;27,6;27
6631;Fulda, Landkreis;Hessen;25,5;55
9179;Fürstenfeldbruck, Landkreis;Bayern;14,3;29
9563;Fürth, Landkreis;Bayern;11,5;13
9573;Fürth, Stadt;Bayern;30,0;35
9180;Garmisch-Partenkirchen, Landkreis;Bayern;39,2;33
5513;Gelsenkirchen, Kreisfreie Stadt;Nordrhein-Westfalen;8,1;21
16052;Gera, krsfr. Stadt;Thüringen;6,3;6
7334;Germersheim, Landkreis;Rheinland-Pfalz;12,9;16
6531;Gießen, Landkreis;Hessen;32,1;81
3151;Gifhorn, Landkreis;Niedersachsen;9,4;16
8117;Göppingen, Landkreis;Baden-Württemberg;17,0;42
14626;Görlitz, Landkreis;Sachsen;14,9;40
3153;Goslar, Landkreis;Niedersachsen;30,8;43
16067;Gotha, Kreis;Thüringen;6,6;9
3152;Göttingen, Landkreis;Niedersachsen;29,4;73
3456;Grafschaft Bentheim, Landkreis;Niedersachsen;15,0;20
16076;Greiz, Kreis;Thüringen;2,9;3
6433;Groß-Gerau, Landkreis;Hessen;10,7;27
9774;Günzburg, Landkreis;Bayern;23,3;28
5754;Gütersloh, Kreis;Nordrhein-Westfalen;22,2;78
5914;Hagen, Kreisfreie Stadt;Nordrhein-Westfalen;13,3;25
15002;Halle (Saale), Kreisfreie Stadt;Sachsen-Anhalt;13,0;30
2;Hamburg;Hamburg;69,5;1194
3252;Hameln-Pyrmont, Landkreis;Niedersachsen;28,1;42
5915;Hamm, Kreisfreie Stadt;Nordrhein-Westfalen;6,8;12
3353;Harburg, Landkreis;Niedersachsen;16,7;40
15085;Harz, Landkreis;Sachsen-Anhalt;13,3;30
9674;Haßberge, Landkreis;Bayern;8,3;7
12063;Havelland, Landkreis;Brandenburg;3,3;5
8221;Heidelberg, Kreisfreie Stadt;Baden-Württemberg;45,8;68
8135;Heidenheim, Landkreis;Baden-Württemberg;14,1;18
8121;Heilbronn, Kreisfreie Stadt;Baden-Württemberg;22,3;26
8125;Heilbronn, Landkreis;Baden-Württemberg;14,5;47
5370;Heinsberg, Kreis;Nordrhein-Westfalen;8,5;21
3154;Helmstedt, Landkreis;Niedersachsen;12,1;11
5758;Herford, Kreis;Nordrhein-Westfalen;17,2;43
5916;Herne, Kreisfreie Stadt;Nordrhein-Westfalen;4,5;7
6632;Hersfeld-Rotenburg, Landkreis;Hessen;7,5;9
1053;Herzogtum Lauenburg, Landkreis;Schleswig-Holstein;14,9;28
16069;Hildburghausen, Kreis;Thüringen;9,1;6
3254;Hildesheim, Landkreis;Niedersachsen;21,3;59
5958;Hochsauerlandkreis;Nordrhein-Westfalen;11,3;30
6434;Hochtaunuskreis;Hessen;59,5;135
9464;Hof, Landkreis;Bayern;23,3;23
9475;Hof, Stadt;Bayern;60,7;27
8126;Hohenlohekreis;Baden-Württemberg;28,0;30
3255;Holzminden, Landkreis;Niedersachsen;36,9;27
5762;Höxter, Kreis;Nordrhein-Westfalen;15,9;23
16070;Ilm-Kreis;Thüringen;9,1;10
9161;Ingolstadt, Stadt;Bayern;11,9;15
16053;Jena, krsfr. Stadt;Thüringen;23,5;25
15086;Jerichower Land, Landkreis;Sachsen-Anhalt;7,5;7
7312;Kaiserslautern, Kreisfreie Stadt;Rheinland-Pfalz;37,1;36
7335;Kaiserslautern, Landkreis;Rheinland-Pfalz;5,7;6
8212;Karlsruhe, Kreisfreie Stadt;Baden-Württemberg;34,9;102
8215;Karlsruhe, Landkreis;Baden-Württemberg;9,4;40
6611;Kassel, Kreisfreie Stadt;Hessen;49,5;95
6633;Kassel, Landkreis;Hessen;8,5;20
9762;Kaufbeuren, Stadt;Bayern;77,2;32
9273;Kelheim, Landkreis;Bayern;19,4;22
9763;Kempten (Allgäu);Bayern;60,7;39
1002;Kiel, Landeshauptstadt, Kreisfreie Stadt;Schleswig-Holstein;36,6;87
9675;Kitzingen, Landkreis;Bayern;30,8;27
5154;Kleve, Kreis;Nordrhein-Westfalen;25,2;76
7111;Koblenz, Kreisfreie Stadt;Rheinland-Pfalz;31,5;34
5315;Köln, Kreisfreie Stadt;Nordrhein-Westfalen;35,9;364
8335;Konstanz, Landkreis;Baden-Württemberg;18,3;49
5114;Krefeld, Kreisfreie Stadt;Nordrhein-Westfalen;27,5;61
13003;Kreisfreie Stadt Rostock, Hansestadt;Mecklenburg-Vorpommern;9,9;20
13004;Kreisfreie Stadt Schwerin, Landeshauptstadt;Mecklenburg-Vorpommern;21,9;20
9476;Kronach, Landkreis;Bayern;25,9;18
9477;Kulmbach, Landkreis;Bayern;32,6;24
7336;Kusel, Landkreis;Rheinland-Pfalz;12,4;9
16065;Kyffhäuserkreis;Thüringen;5,0;4
6532;Lahn-Dill-Kreis;Hessen;19,8;50
7313;Landau in der Pfalz, Kreisfreie Stadt;Rheinland-Pfalz;36,8;16
13076;Landkreis Ludwigslust-Parchim;Mecklenburg-Vorpommern;9,4;20
13071;Landkreis Mecklenburgische Seenplatte;Mecklenburg-Vorpommern;7,9;21
13074;Landkreis Nordwestmecklenburg;Mecklenburg-Vorpommern;12,2;19
13072;Landkreis Rostock;Mecklenburg-Vorpommern;4,2;9
13075;Landkreis Vorpommern-Greifswald;Mecklenburg-Vorpommern;12,0;29
13073;Landkreis Vorpommern-Rügen;Mecklenburg-Vorpommern;8,9;20
9181;Landsberg am Lech, Landkreis;Bayern;23,8;27
9261;Landshut, Landkreis;Bayern;8,1;12
9274;Landshut, Stadt;Bayern;23,3;15
3457;Leer, Landkreis;Niedersachsen;15,2;25
14713;Leipzig, Landkreis;Sachsen;6,5;17
14729;Leipzig, Stadt;Sachsen;13,7;70
5316;Leverkusen, Kreisfreie Stadt;Nordrhein-Westfalen;12,5;20
9478;Lichtenfels, Landkreis;Bayern;11,9;8
6533;Limburg-Weilburg, Landkreis;Hessen;16,4;28
9776;Lindau (Bodensee), Landkreis;Bayern;40,8;32
5766;Lippe, Kreis;Nordrhein-Westfalen;22,7;79
8336;Lörrach, Landkreis;Baden-Württemberg;17,8;39
1003;Lübeck, Hansestadt, Kreisfreie Stadt;Schleswig-Holstein;52,2;110
3354;Lüchow-Dannenberg, Landkreis;Niedersachsen;38,7;19
8118;Ludwigsburg, Landkreis;Baden-Württemberg;14,3;73
7314;Ludwigshafen am Rhein, Kreisfreie Stadt;Rheinland-Pfalz;21,4;34
3355;Lüneburg, Landkreis;Niedersachsen;36,1;63
15003;Magdeburg, Kreisfreie Stadt;Sachsen-Anhalt;14,4;33
6435;Main-Kinzig-Kreis;Hessen;15,2;61
9677;Main-Spessart, Landkreis;Bayern;17,3;22
8128;Main-Tauber-Kreis;Baden-Württemberg;16,9;22
6436;Main-Taunus-Kreis;Hessen;26,2;59
7339;Mainz-Bingen, Landkreis;Rheinland-Pfalz;18,4;37
7315;Mainz, Kreisfreie Stadt;Rheinland-Pfalz;63,7;128
8222;Mannheim, Universitätsstadt, Kreisfreie Stadt;Baden-Württemberg;26,4;77
15087;Mansfeld-Südharz, Landkreis;Sachsen-Anhalt;7,5;11
6534;Marburg-Biedenkopf, Landkreis;Hessen;34,8;84
12064;Märkisch-Oderland, Landkreis;Brandenburg;4,3;8
5962;Märkischer Kreis;Nordrhein-Westfalen;13,0;55
7137;Mayen-Koblenz, Landkreis;Rheinland-Pfalz;19,5;41
14627;Meißen, Landkreis;Sachsen;6,9;17
9764;Memmingen, Stadt;Bayern;65,5;27
10042;Merzig-Wadern, Landkreis;Saarland;10,6;11
5158;Mettmann, Kreis;Nordrhein-Westfalen;17,6;84
9182;Miesbach, Landkreis;Bayern;34,1;32
9676;Miltenberg, Landkreis;Bayern;25,0;32
5770;Minden-Lübbecke, Kreis;Nordrhein-Westfalen;16,1;50
14522;Mittelsachsen, Landkreis;Sachsen;7,5;24
5116;Mönchengladbach, Kreisfreie Stadt;Nordrhein-Westfalen;11,0;28
9183;Mühldorf a.Inn, Landkreis;Bayern;13,1;14
5117;Mülheim an der Ruhr, Kreisfreie Stadt;Nordrhein-Westfalen;17,4;29
9162;München, Landeshauptstadt;Bayern;65,6;896
9184;München, Landkreis;Bayern;24,0;77
5515;Münster, Kreisfreie Stadt;Nordrhein-Westfalen;59,6;175
8225;Neckar-Odenwald-Kreis;Baden-Württemberg;11,9;17
9775;Neu-Ulm, Landkreis;Bayern;15,2;25
9185;Neuburg-Schrobenhausen, Landkreis;Bayern;18,7;17
9373;Neumarkt i.d.OPf., Landkreis;Bayern;18,9;24
1004;Neumünster, Kreisfreie Stadt;Schleswig-Holstein;18,1;14
10043;Neunkirchen, Landkreis;Saarland;9,6;13
9575;Neustadt a.d.Aisch-Bad Windsheim, Landkreis;Bayern;26,7;26
9374;Neustadt a.d.Waldnaab, Landkreis;Bayern;11,4;11
7316;Neustadt an der Weinstraße, Kreisfreie Stadt;Rheinland-Pfalz;47,8;25
7138;Neuwied, Landkreis;Rheinland-Pfalz;25,5;46
3256;Nienburg (Weser), Landkreis;Niedersachsen;22,2;27
1054;Nordfriesland, Landkreis;Schleswig-Holstein;54,0;88
16062;Nordhausen, Kreis;Thüringen;12,7;11
14730;Nordsachsen, Landkreis;Sachsen;5,5;11
3155;Northeim, Landkreis;Niedersachsen;24,2;33
9564;Nürnberg, Stadt;Bayern;44,5;218
9574;Nürnberger Land, Landkreis;Bayern;18,3;30
9780;Oberallgäu, Landkreis;Bayern;26,2;39
5374;Oberbergischer Kreis;Nordrhein-Westfalen;17,6;48
5119;Oberhausen, Kreisfreie Stadt;Nordrhein-Westfalen;8,6;18
12065;Oberhavel, Landkreis;Brandenburg;3,0;6
12066;Oberspreewald-Lausitz, Landkreis;Brandenburg;6,8;8
6437;Odenwaldkreis;Hessen;26,9;26
12067;Oder-Spree, Landkreis;Brandenburg;4,5;8
6413;Offenbach am Main, Kreisfreie Stadt;Hessen;26,1;30
6438;Offenbach, Landkreis;Hessen;11,7;39
3403;Oldenburg (Oldenburg), Kreisfreie Stadt;Niedersachsen;71,7;113
3458;Oldenburg, Landkreis;Niedersachsen;20,8;26
5966;Olpe, Kreis;Nordrhein-Westfalen;12,5;17
8317;Ortenaukreis;Baden-Württemberg;13,9;57
3404;Osnabrück, Kreisfreie Stadt;Niedersachsen;44,0;68
3459;Osnabrück, Landkreis;Niedersachsen;21,4;75
8136;Ostalbkreis;Baden-Württemberg;16,3;50
9777;Ostallgäu, Landkreis;Bayern;23,2;31
3356;Osterholz, Landkreis;Niedersachsen;25,3;28
3156;Osterode am Harz, Landkreis;Niedersachsen;18,4;14
1055;Ostholstein, Landkreis;Schleswig-Holstein;19,7;39
12068;Ostprignitz-Ruppin, Landkreis;Brandenburg;6,0;6
5774;Paderborn, Kreis;Nordrhein-Westfalen;17,6;52
9262;Passau, Landkreis;Bayern;9,2;17
9275;Passau, Stadt;Bayern;61,7;30
3157;Peine, Landkreis;Niedersachsen;10,8;14
9186;Pfaffenhofen a.d.Ilm, Landkreis;Bayern;6,8;8
8231;Pforzheim, Kreisfreie Stadt;Baden-Württemberg;28,6;33
1056;Pinneberg, Landkreis;Schleswig-Holstein;13,8;41
7317;Pirmasens, Kreisfreie Stadt;Rheinland-Pfalz;32,0;13
1057;Plön, Landkreis;Schleswig-Holstein;29,1;37
12069;Potsdam-Mittelmark, Landkreis;Brandenburg;3,4;7
12054;Potsdam, Kreisfreie Stadt;Brandenburg;33,0;52
12070;Prignitz, Landkreis;Brandenburg;7,5;6
8216;Rastatt, Landkreis;Baden-Württemberg;12,2;27
8436;Ravensburg, Landkreis;Baden-Württemberg;27,4;74
5562;Recklinghausen, Kreis;Nordrhein-Westfalen;12,8;79
9276;Regen, Landkreis;Bayern;15,7;12
9375;Regensburg, Landkreis;Bayern;7,1;13
9362;Regensburg, Stadt;Bayern;55,0;75
3241;Region Hannover, Landkreis;Niedersachsen;35,0;387
8119;Rems-Murr-Kreis;Baden-Württemberg;17,9;73
5120;Remscheid, Kreisfreie Stadt;Nordrhein-Westfalen;15,4;17
1058;Rendsburg-Eckernförde, Landkreis;Schleswig-Holstein;23,1;62
8415;Reutlingen, Landkreis;Baden-Württemberg;22,7;62
5362;Rhein-Erft-Kreis;Nordrhein-Westfalen;9,1;41
7140;Rhein-Hunsrück-Kreis;Rheinland-Pfalz;20,7;21
5162;Rhein-Kreis Neuss;Nordrhein-Westfalen;16,0;70
7141;Rhein-Lahn-Kreis;Rheinland-Pfalz;15,5;19
8226;Rhein-Neckar-Kreis;Baden-Württemberg;7,6;40
7338;Rhein-Pfalz-Kreis;Rheinland-Pfalz;13,6;20
5382;Rhein-Sieg-Kreis;Nordrhein-Westfalen;17,4;101
6439;Rheingau-Taunus-Kreis;Hessen;21,6;39
5378;Rheinisch-Bergischer Kreis;Nordrhein-Westfalen;16,9;47
9673;Rhön-Grabfeld, Landkreis;Bayern;24,9;20
9163;Rosenheim, Landkreis;Bayern;17,9;44
9187;Rosenheim, Stadt;Bayern;38,6;23
3357;Rotenburg (Wümme), Landkreis;Niedersachsen;27,1;44
9576;Roth, Landkreis;Bayern;12,2;15
9277;Rottal-Inn, Landkreis;Bayern;9,4;11
8325;Rottweil, Landkreis;Baden-Württemberg;14,0;19
16074;Saale-Holzland-Kreis;Thüringen;9,4;8
16075;Saale-Orla-Kreis;Thüringen;5,9;5
15088;Saalekreis;Sachsen-Anhalt;5,8;11
16073;Saalfeld-Rudolstadt, Kreis;Thüringen;9,8;11
10041;Saarbrücken, Regionalverband;Saarland;23,2;76
10044;Saarlouis, Landkreis;Saarland;8,6;17
10045;Saarpfalz-Kreis;Saarland;22,1;32
14628;Sächsische Schweiz-Osterzgebirge, Landkreis;Sachsen;8,5;21
3102;Salzgitter, Kreisfreie Stadt;Niedersachsen;6,1;6
15089;Salzlandkreis;Sachsen-Anhalt;16,7;34
3257;Schaumburg, Landkreis;Niedersachsen;17,8;28
1059;Schleswig-Flensburg, Landkreis;Schleswig-Holstein;16,3;32
16066;Schmalkalden-Meiningen, Kreis;Thüringen;7,9;10
9565;Schwabach, Stadt;Bayern;20,7;8
8127;Schwäbisch Hall, Landkreis;Baden-Württemberg;12,9;24
6634;Schwalm-Eder-Kreis;Hessen;21,0;38
9376;Schwandorf, Landkreis;Bayern;11,9;17
8326;Schwarzwald-Baar-Kreis;Baden-Württemberg;17,6;36
9662;Schweinfurt, Landkreis;Bayern;14,2;16
9678;Schweinfurt, Stadt;Bayern;103,6;54
1060;Segeberg, Landkreis;Schleswig-Holstein;9,2;24
5970;Siegen-Wittgenstein, Kreis;Nordrhein-Westfalen;21,7;60
8437;Sigmaringen, Landkreis;Baden-Württemberg;26,7;34
5974;Soest, Kreis;Nordrhein-Westfalen;14,8;44
5122;Solingen, Kreisfreie Stadt;Nordrhein-Westfalen;25,1;39
3358;Landkreis Heidekreis;Niedersachsen;30,9;42
16068;Sömmerda, Kreis;Thüringen;9,8;7
16072;Sonneberg, Kreis;Thüringen;3,4;2
7318;Speyer, Kreisfreie Stadt;Rheinland-Pfalz;54,3;27
12071;Spree-Neiße, Landkreis;Brandenburg;4,1;5
10046;St. Wendel, Landkreis;Saarland;17,8;16
3359;Stade, Landkreis;Niedersachsen;21,0;41
5334;Städteregion Aachen (einschl. Stadt Aachen);Nordrhein-Westfalen;15,9;86
9188;Starnberg, Landkreis;Bayern;38,2;49
1061;Steinburg, Landkreis;Schleswig-Holstein;19,2;25
5566;Steinfurt, Kreis;Nordrhein-Westfalen;12,4;54
15090;Stendal, Landkreis;Sachsen-Anhalt;11,0;13
1062;Stormarn, Landkreis;Schleswig-Holstein;16,9;39
9278;Straubing-Bogen, Landkreis;Bayern;7,3;7
9263;Straubing, Stadt;Bayern;29,1;13
8111;Stuttgart, Landeshauptstadt, Kreisfreie Stadt;Baden-Württemberg;62,6;370
7337;Südliche Weinstraße, Landkreis;Rheinland-Pfalz;15,7;17
7340;Südwestpfalz, Landkreis;Rheinland-Pfalz;6,1;6
16054;Suhl, Kreisfreie Stadt;Thüringen;2,7;1
12072;Teltow-Fläming, Landkreis;Brandenburg;5,0;8
9377;Tirschenreuth, Landkreis;Bayern;13,4;10
9189;Traunstein, Landkreis;Bayern;18,4;31
7235;Trier-Saarburg, Landkreis;Rheinland-Pfalz;10,5;15
7211;Trier, Kreisfreie Stadt;Rheinland-Pfalz;44,2;47
8416;Tübingen, Landkreis;Baden-Württemberg;35,2;75
8327;Tuttlingen, Landkreis;Baden-Württemberg;9,8;13
12073;Uckermark, Landkreis;Brandenburg;9,7;12
3360;Uelzen, Landkreis;Niedersachsen;27,9;26
8421;Ulm, Universitätsstadt, Kreisfreie Stadt;Baden-Württemberg;56,2;66
5978;Unna, Kreis;Nordrhein-Westfalen;10,9;43
16064;Unstrut-Hainich-Kreis;Thüringen;14,2;15
9778;Unterallgäu, Landkreis;Bayern;20,6;28
3460;Vechta, Landkreis;Niedersachsen;40,7;54
3361;Verden, Landkreis;Niedersachsen;19,7;26
5166;Viersen, Kreis;Nordrhein-Westfalen;12,2;36
6535;Vogelsbergkreis;Hessen;18,5;20
14523;Vogtlandkreis;Sachsen;7,1;17
7233;Vulkaneifel, Landkreis;Rheinland-Pfalz;9,8;6
6635;Waldeck-Frankenberg, Landkreis;Hessen;13,3;21
8337;Waldshut, Landkreis;Baden-Württemberg;17,8;29
5570;Warendorf, Kreis;Nordrhein-Westfalen;18,7;51
16063;Wartburgkreis;Thüringen;5,5;7
9363;Weiden i.d.OPf., Stadt;Bayern;35,9;15
9190;Weilheim-Schongau, Landkreis;Bayern;22,5;29
16055;Weimar, krsfr. Stadt;Thüringen;39,8;25
16071;Weimarer Land, Kreis;Thüringen;8,5;7
9577;Weißenburg-Gunzenhausen, Landkreis;Bayern;36,9;34
6636;Werra-Meißner-Kreis;Hessen;23,6;24
5170;Wesel, Kreis;Nordrhein-Westfalen;14,1;65
3461;Wesermarsch, Landkreis;Niedersachsen;23,5;21
7143;Westerwaldkreis;Rheinland-Pfalz;13,0;26
6440;Wetteraukreis;Hessen;22,9;67
6414;Wiesbaden, Landeshauptstadt, Kreisfreie Stadt;Hessen;34,0;92
3405;Wilhelmshaven, Kreisfreie Stadt;Niedersachsen;20,8;16
15091;Wittenberg, Landkreis;Sachsen-Anhalt;12,9;17
3462;Wittmund, Landkreis;Niedersachsen;23,0;13
3158;Wolfenbüttel, Landkreis;Niedersachsen;29,1;35
3103;Wolfsburg, Kreisfreie Stadt;Niedersachsen;14,1;17
7319;Worms, Kreisfreie Stadt;Rheinland-Pfalz;23,9;19
9479;Wunsiedel i.Fichtelgebirge, Landkreis;Bayern;25,2;19
5124;Wuppertal, Kreisfreie Stadt;Nordrhein-Westfalen;25,4;87
9663;Würzburg, Landkreis;Bayern;7,0;11
9679;Würzburg, Stadt;Bayern;89,2;111
8417;Zollernalbkreis;Baden-Württemberg;16,7;31
7320;Zweibrücken, Kreisfreie Stadt;Rheinland-Pfalz;32,2;11
14524;Zwickau, Landkreis;Sachsen;6,6;22